,202005
7393793,file replaced
6516739,download fail
10046979,file replaced
6517765,file replaced
7767560,file replaced
6517773,download fail
6517775,download fail
4049424,download fail
7412240,file replaced
7942673,download fail
11932693,download fail
11814934,download fail
8333335,file replaced
6518305,file replaced
11936293,download fail
6519335,file replaced
7662122,download fail
10017322,file replaced
8465452,file replaced
7662130,download fail
11916851,download fail
12370998,download fail
6518842,download fail
7265851,file replaced
7662140,download fail
11916861,download fail
7662142,download fail
7265855,file replaced
6518848,file replaced
7662144,download fail
6518850,download fail
7662147,download fail
11250759,file replaced
7950921,download fail
6516815,file replaced
12044879,download fail
4046417,file replaced
6935633,file replaced
7369811,file replaced
8189010,file replaced
6518357,download fail
6518358,download fail
6518359,download fail
6518360,download fail
6518361,download fail
6518362,download fail
6518363,download fail
6518364,download fail
10332248,file replaced
6518366,download fail
6518367,download fail
10409055,download fail
11818076,download fail
11818078,download fail
11818080,download fail
10039397,file replaced
10012776,file replaced
7589486,download fail
7661679,download fail
8048752,download fail
8395377,download fail
6517365,download fail
6519414,file replaced
6518903,download fail
7749755,file replaced
8474747,download fail
7589502,download fail
7589503,download fail
11771007,download fail
7200387,file replaced
7661702,download fail
7589513,download fail
7661705,download fail
6516363,file replaced
10949771,file replaced
7661711,download fail
10177681,file replaced
7661717,download fail
6518944,download fail
7661729,download fail
7845025,download fail
7661737,download fail
7661745,download fail
6516404,download fail
11467964,download fail
11109571,download fail
8000196,file replaced
10157255,download fail
10157256,download fail
10157265,download fail
6518994,file replaced
6517976,file replaced
8368858,file replaced
6516444,file replaced
6869213,file replaced
6517475,file replaced
10834665,download fail
6605036,file replaced
6519021,file replaced
6519022,file replaced
8418029,file replaced
6608114,file replaced
6516980,file replaced
6516981,file replaced
6517493,file replaced
12532987,download fail
4048641,download fail
10353409,file replaced
6517508,file replaced
8196357,download fail
6516999,download fail
7111432,download fail
7410953,file replaced
12018951,download fail
6519565,download fail
10113298,file replaced
12594963,download fail
10809109,file replaced
7590678,download fail
7590680,download fail
6519577,file replaced
7590681,download fail
11006747,download fail
6993181,download fail
7885092,file replaced
10363687,file replaced
10721065,file replaced
6519595,file replaced
6518061,file replaced
10223918,file replaced
10680623,download fail
6517040,file replaced
11013425,file replaced
6967091,download fail
6993203,file replaced
10056502,file replaced
10234681,file replaced
6518605,download fail
10292053,file replaced
7411542,download fail
10666326,file replaced
7661400,download fail
10991448,file replaced
6993242,download fail
6773596,file replaced
6518629,download fail
7661414,download fail
7661417,file replaced
10370409,download fail
10370410,download fail
7230333,download fail
7661438,download fail
6518656,file replaced
11916160,download fail
12467792,download fail
7661447,download fail
8326024,file replaced
7661451,download fail
10659211,download fail
8326030,file replaced
7661455,download fail
10932622,file replaced
6518683,file replaced
6519195,file replaced
8326046,download fail
6518179,file replaced
7403429,file replaced
10932645,file replaced
11362213,file replaced
6517673,download fail
6517674,download fail
7133611,download fail
6774189,download fail
7317421,file replaced
7266224,download fail
6518195,file replaced
11804085,download fail
6517690,file replaced
8509886,file replaced
6517187,file replaced
10569156,download fail
6795211,file replaced
7300044,download fail
7680974,download fail
6517199,file replaced
6519247,file replaced
7887823,file replaced
7265759,file replaced
7339488,file replaced
11785186,download fail
8373735,download fail
10916840,download fail
7339497,file replaced
11055592,file replaced
11114987,file replaced
11890154,download fail
7097840,download fail
11032049,file replaced
6795251,file replaced
11736563,download fail
6519798,download fail
10260471,download fail
6795259,file replaced
